I13,ID1,Unnamed: 2,Unnamed: 3,jose,dasfd
J1,J1,J1,J1,J1,J1
J1,J1,J1,J1,J1,J1
J1,J1,J1,J1,J1,J1
J1,J1,J1,J1,J1,J1
J1,J1,J1,J1,J1,J1
J1,J1,J1,J1,J1,J1
J1,J1,J1,J1,J1,J1
J1,J1,J1,J1,J1,J1
J1,J1,J1,J1,J1,J1
J1,J1,J1,J1,J1,J1
J1,J1,J1,J1,J1,J1
J1,J1,J1,J1,J1,J1
J1,J1,J1,J1,J1,J1
J1,J1,J1,J1,J1,J1
J1,J1,J1,J1,J1,J1
J1,J1,J1,J1,J1,J1
J1,J1,J1,J1,J1,J1
J1,J1,J1,J1,J1,J1
J1,J1,J1,J1,J1,J1
J1,J1,J1,J1,J1,J1
J1,J1,J1,J1,J1,J1
J1,J1,J1,J1,J1,J1
J1,J1,J1,J1,J1,J1
J1,J1,J1,J1,J1,J1
J1,J1,J1,J1,J1,J1
J1,J1,J1,J1,J1,J1
J1,J1,J1,J1,J1,J1
J1,J1,J1,J1,J1,J1
J1,J1,J1,J1,J1,J1
J1,J1,J1,J1,J1,J1
J1,J1,J1,J1,J1,J1
J1,J1,J1,J1,J1,J1
J1,J1,J1,J1,J1,J1
J1,J1,J1,J1,J1,J1
J1,J1,J1,J1,J1,J1
J1,J1,J1,J1,J1,J1
J1,J1,J1,J1,J1,J1
J1,J1,J1,J1,J1,J1
J1,J1,J1,J1,J1,J1
J1,J1,J1,J1,J1,J1
J1,J1,J1,J1,J1,J1
J1,J1,J1,J1,J1,J1
J1,J1,J1,J1,J1,J1
J1,J1,J1,J1,J1,J1
J1,J1,J1,J1,J1,J1
J1,J1,J1,J1,J1,J1
J1,J1,J1,J1,J1,J1
J1,J1,J1,J1,J1,J1
J1,J1,J1,J1,J1,J1
J1,J1,J1,J1,J1,J1
J1,J1,J1,J1,J1,J1
J1,J1,J1,J1,J1,J1
J1,J1,J1,J1,J1,J1
J1,J1,J1,J1,J1,J1
J1,J1,J1,J1,J1,J1
J1,J1,J1,J1,J1,J1
J1,J1,J1,J1,J1,J1
J1,J1,J1,J1,J1,J1
J1,J1,J1,J1,J1,J1
J1,J1,J1,J1,J1,J1
J1,J1,J1,J1,J1,J1
J1,J1,J1,J1,J1,J1
J1,J1,J1,J1,J1,J1
J1,J1,J1,J1,J1,J1
J1,J1,J1,J1,J1,J1
J1,J1,J1,J1,J1,J1
J1,J1,J1,J1,J1,J1
J1,J1,J1,J1,J1,J1
J1,J1,J1,J1,J1,J1
J1,J1,J1,J1,J1,J1
J1,J1,J1,J1,J1,J1
J1,J1,J1,J1,J1,J1
J1,J1,J1,J1,J1,J1
J1,J1,J1,J1,J1,J1
J1,J1,J1,J1,J1,J1
J1,J1,J1,J1,J1,J1
J1,J1,J1,J1,J1,J1
J1,J1,J1,J1,J1,J1
J1,J1,J1,J1,J1,J1
J1,J1,J1,J1,J1,J1
J1,J1,J1,J1,J1,J1
J1,J1,J1,J1,J1,J1
J1,J1,J1,J1,J1,J1
J1,J1,J1,J1,J1,J1
J1,J1,J1,J1,J1,J1
J1,J1,J1,J1,J1,J1
J1,J1,J1,J1,J1,J1
J1,J1,J1,J1,J1,J1
J1,J1,J1,J1,J1,J1
J1,J1,J1,J1,J1,J1
J1,J1,J1,J1,J1,J1
J1,J1,J1,J1,J1,J1
J1,J1,J1,J1,J1,J1
J1,J1,J1,J1,J1,J1
J1,J1,J1,J1,J1,J1
J1,J1,J1,J1,J1,J1
J1,J1,J1,J1,J1,J1
J1,J1,J1,J1,J1,J1
J1,J1,J1,J1,J1,J1
J1,J1,J1,J1,J1,J1
J1,J1,J1,J1,J1,J1
J1,J1,J1,J1,J1,J1
J1,J1,J1,J1,J1,J1
J1,J1,J1,J1,J1,J1
J1,J1,J1,J1,J1,J1
J1,J1,J1,J1,J1,J1
J1,J1,J1,J1,J1,J1
J1,J1,J1,J1,J1,J1
J1,J1,J1,J1,J1,J1
J1,J1,J1,J1,J1,J1
J1,J1,J1,J1,J1,J1
J1,J1,J1,J1,J1,J1
J1,J1,J1,J1,J1,J1
J1,J1,J1,J1,J1,J1
J1,J1,J1,J1,J1,J1
J1,J1,J1,J1,J1,J1
J1,J1,J1,J1,J1,J1
J1,J1,J1,J1,J1,J1
J1,J1,J1,J1,J1,J1
J1,J1,J1,J1,J1,J1
J1,J1,J1,J1,J1,J1
J1,J1,J1,J1,J1,J1
J1,J1,J1,J1,J1,J1
J1,J1,J1,J1,J1,J1
J1,J1,J1,J1,J1,J1
J1,J1,J1,J1,J1,J1
J1,J1,J1,J1,J1,J1
J1,J1,J1,J1,J1,J1
J1,J1,J1,J1,J1,J1
J1,J1,J1,J1,J1,J1
J1,J1,J1,J1,J1,J1
J1,J1,J1,J1,J1,J1
J1,J1,J1,J1,J1,J1
J1,J1,J1,J1,J1,J1
J1,J1,J1,J1,J1,J1
J1,J1,J1,J1,J1,J1
J1,J1,J1,J1,J1,J1
J1,J1,J1,J1,J1,J1
J1,J1,J1,J1,J1,J1
J1,J1,J1,J1,J1,J1
J1,J1,J1,J1,J1,J1
J1,J1,J1,J1,J1,J1
J1,J1,J1,J1,J1,J1
J1,J1,J1,J1,J1,J1
J1,J1,J1,J1,J1,J1
J1,J1,J1,J1,J1,J1
J1,J1,J1,J1,J1,J1
J1,J1,J1,J1,J1,J1
J1,J1,J1,J1,J1,J1
J1,J1,J1,J1,J1,J1
J1,J1,J1,J1,J1,J1
J1,J1,J1,J1,J1,J1
J1,J1,J1,J1,J1,J1
J1,J1,J1,J1,J1,J1
J1,J1,J1,J1,J1,J1
J1,J1,J1,J1,J1,J1
J1,J1,J1,J1,J1,J1
J1,J1,J1,J1,J1,J1
J1,J1,J1,J1,J1,J1
J1,J1,J1,J1,J1,J1
J1,J1,J1,J1,J1,J1
J1,J1,J1,J1,J1,J1
J1,J1,J1,J1,J1,J1
J1,J1,J1,J1,J1,J1
3,3,3,3,3,3
4,4,4,4,4,4
5,5,5,5,5,5
6,6,6,6,6,6
7,7,7,7,7,7
8,8,8,8,8,8
9,9,9,9,9,9
J1,J1,J1,J1,J1,J1
J1,J1,J1,J1,J1,J1
3,3,3,3,3,3
4,4,4,4,4,4
5,5,5,5,5,5
6,6,6,6,6,6
7,7,7,7,7,7
8,8,8,8,8,8
9,9,9,9,9,9
J1,J1,J1,J1,J1,J1
J1,J1,J1,J1,J1,J1
3,3,3,3,3,3
4,4,4,4,4,4
5,5,5,5,5,5
6,6,6,6,6,6
7,7,7,7,7,7
8,8,8,8,8,8
9,9,9,9,9,9
1,1,1,1,1,1
2,2,2,2,2,2
3,3,3,3,3,3
4,4,4,4,4,4
5,5,5,5,5,5
6,6,6,6,6,6
7,7,7,7,7,7
8,8,8,8,8,8
9,9,9,9,9,9
1,1,1,1,1,1
2,2,2,2,2,2
3,3,3,3,3,3
4,4,4,4,4,4
5,5,5,5,5,5
6,6,6,6,6,6
7,7,7,7,7,7
8,8,8,8,8,8
9,9,9,9,9,9
1,1,1,1,1,1
2,2,2,2,2,2
3,3,3,3,3,3
4,4,4,4,4,4
5,5,5,5,5,5
6,6,6,6,6,6
7,7,7,7,7,7
8,8,8,8,8,8
9,9,9,9,9,9
1,1,1,1,1,1
2,2,2,2,2,2
3,3,3,3,3,3
4,4,4,4,4,4
5,5,5,5,5,5
6,6,6,6,6,6
7,7,7,7,7,7
8,8,8,8,8,8
9,9,9,9,9,9
1,1,1,1,1,1
2,2,2,2,2,2
3,3,3,3,3,3
4,4,4,4,4,4
5,5,5,5,5,5
6,6,6,6,6,6
7,7,7,7,7,7
8,8,8,8,8,8
9,9,9,9,9,9
1,1,1,1,1,1
2,2,2,2,2,2
3,3,3,3,3,3
4,4,4,4,4,4
5,5,5,5,5,5
6,6,6,6,6,6
7,7,7,7,7,7
8,8,8,8,8,8
9,9,9,9,9,9
1,1,1,1,1,1
2,2,2,2,2,2
3,3,3,3,3,3
4,4,4,4,4,4
5,5,5,5,5,5
6,6,6,6,6,6
7,7,7,7,7,7
8,8,8,8,8,8
9,9,9,9,9,9
1,1,1,1,1,1
2,2,2,2,2,2
3,3,3,3,3,3
4,4,4,4,4,4
5,5,5,5,5,5
6,6,6,6,6,6
7,7,7,7,7,7
8,8,8,8,8,8
9,9,9,9,9,9
1,1,1,1,1,1
2,2,2,2,2,2
3,3,3,3,3,3
4,4,4,4,4,4
5,5,5,5,5,5
6,6,6,6,6,6
7,7,7,7,7,7
8,8,8,8,8,8
9,9,9,9,9,9
1,1,1,1,1,1
2,2,2,2,2,2
3,3,3,3,3,3
4,4,4,4,4,4
5,5,5,5,5,5
6,6,6,6,6,6
7,7,7,7,7,7
8,8,8,8,8,8
9,9,9,9,9,9
1,1,1,1,1,1
2,2,2,2,2,2
3,3,3,3,3,3
4,4,4,4,4,4
5,5,5,5,5,5
6,6,6,6,6,6
7,7,7,7,7,7
8,8,8,8,8,8
9,9,9,9,9,9
1,1,1,1,1,1
2,2,2,2,2,2
3,3,3,3,3,3
4,4,4,4,4,4
5,5,5,5,5,5
6,6,6,6,6,6
7,7,7,7,7,7
8,8,8,8,8,8
9,9,9,9,9,9
1,1,1,1,1,1
2,2,2,2,2,2
3,3,3,3,3,3
4,4,4,4,4,4
5,5,5,5,5,5
6,6,6,6,6,6
7,7,7,7,7,7
8,8,8,8,8,8
9,9,9,9,9,9
1,1,1,1,1,1
2,2,2,2,2,2
3,3,3,3,3,3
4,4,4,4,4,4
5,5,5,5,5,5
6,6,6,6,6,6
7,7,7,7,7,7
8,8,8,8,8,8
9,9,9,9,9,9
1,1,1,1,1,1
2,2,2,2,2,2
3,3,3,3,3,3
4,4,4,4,4,4
5,5,5,5,5,5
6,6,6,6,6,6
7,7,7,7,7,7
8,8,8,8,8,8
9,9,9,9,9,9
1,1,1,1,1,1
2,2,2,2,2,2
3,3,3,3,3,3
4,4,4,4,4,4
5,5,5,5,5,5
6,6,6,6,6,6
7,7,7,7,7,7
8,8,8,8,8,8
9,9,9,9,9,9
1,1,1,1,1,1
2,2,2,2,2,2
3,3,3,3,3,3
4,4,4,4,4,4
5,5,5,5,5,5
6,6,6,6,6,6
7,7,7,7,7,7
8,8,8,8,8,8
9,9,9,9,9,9
1,1,1,1,1,1
2,2,2,2,2,2
3,3,3,3,3,3
4,4,4,4,4,4
5,5,5,5,5,5
6,6,6,6,6,6
7,7,7,7,7,7
8,8,8,8,8,8
9,9,9,9,9,9
1,1,1,1,1,1
2,2,2,2,2,2
3,3,3,3,3,3
4,4,4,4,4,4
5,5,5,5,5,5
6,6,6,6,6,6
7,7,7,7,7,7
8,8,8,8,8,8
9,9,9,9,9,9
1,1,1,1,1,1
2,2,2,2,2,2
3,3,3,3,3,3
4,4,4,4,4,4
5,5,5,5,5,5
6,6,6,6,6,6
7,7,7,7,7,7
8,8,8,8,8,8
9,9,9,9,9,9
1,1,1,1,1,1
2,2,2,2,2,2
3,3,3,3,3,3
4,4,4,4,4,4
5,5,5,5,5,5
6,6,6,6,6,6
7,7,7,7,7,7
8,8,8,8,8,8
9,9,9,9,9,9
1,1,1,1,1,1
2,2,2,2,2,2
3,3,3,3,3,3
4,4,4,4,4,4
5,5,5,5,5,5
6,6,6,6,6,6
7,7,7,7,7,7
8,8,8,8,8,8
9,9,9,9,9,9
1,1,1,1,1,1
2,2,2,2,2,2
3,3,3,3,3,3
4,4,4,4,4,4
5,5,5,5,5,5
6,6,6,6,6,6
7,7,7,7,7,7
8,8,8,8,8,8
9,9,9,9,9,9
1,1,1,1,1,1
2,2,2,2,2,2
3,3,3,3,3,3
4,4,4,4,4,4
5,5,5,5,5,5
6,6,6,6,6,6
7,7,7,7,7,7
8,8,8,8,8,8
9,9,9,9,9,9
1,1,1,1,1,1
2,2,2,2,2,2
3,3,3,3,3,3
4,4,4,4,4,4
5,5,5,5,5,5
6,6,6,6,6,6
7,7,7,7,7,7
8,8,8,8,8,8
9,9,9,9,9,9
1,1,1,1,1,1
2,2,2,2,2,2
3,3,3,3,3,3
4,4,4,4,4,4
5,5,5,5,5,5
6,6,6,6,6,6
7,7,7,7,7,7
8,8,8,8,8,8
9,9,9,9,9,9
1,1,1,1,1,1
2,2,2,2,2,2
3,3,3,3,3,3
4,4,4,4,4,4
5,5,5,5,5,5
6,6,6,6,6,6
7,7,7,7,7,7
8,8,8,8,8,8
9,9,9,9,9,9
1,1,1,1,1,1
2,2,2,2,2,2
3,3,3,3,3,3
4,4,4,4,4,4
5,5,5,5,5,5
6,6,6,6,6,6
7,7,7,7,7,7
8,8,8,8,8,8
9,9,9,9,9,9
1,1,1,1,1,1
2,2,2,2,2,2
3,3,3,3,3,3
4,4,4,4,4,4
5,5,5,5,5,5
6,6,6,6,6,6
7,7,7,7,7,7
8,8,8,8,8,8
9,9,9,9,9,9
1,1,1,1,1,1
2,2,2,2,2,2
3,3,3,3,3,3
4,4,4,4,4,4
5,5,5,5,5,5
6,6,6,6,6,6
7,7,7,7,7,7
8,8,8,8,8,8
9,9,9,9,9,9
1,1,1,1,1,1
2,2,2,2,2,2
3,3,3,3,3,3
4,4,4,4,4,4
5,5,5,5,5,5
6,6,6,6,6,6
7,7,7,7,7,7
8,8,8,8,8,8
9,9,9,9,9,9
1,1,1,1,1,1
2,2,2,2,2,2
3,3,3,3,3,3
4,4,4,4,4,4
5,5,5,5,5,5
6,6,6,6,6,6
7,7,7,7,7,7
8,8,8,8,8,8
9,9,9,9,9,9
1,1,1,1,1,1
2,2,2,2,2,2
3,3,3,3,3,3
4,4,4,4,4,4
5,5,5,5,5,5
6,6,6,6,6,6
7,7,7,7,7,7
8,8,8,8,8,8
9,9,9,9,9,9
1,1,1,1,1,1
2,2,2,2,2,2
3,3,3,3,3,3
4,4,4,4,4,4
5,5,5,5,5,5
6,6,6,6,6,6
7,7,7,7,7,7
8,8,8,8,8,8
9,9,9,9,9,9
1,1,1,1,1,1
2,2,2,2,2,2
3,3,3,3,3,3
4,4,4,4,4,4
5,5,5,5,5,5
6,6,6,6,6,6
7,7,7,7,7,7
8,8,8,8,8,8
9,9,9,9,9,9
1,1,1,1,1,1
2,2,2,2,2,2
3,3,3,3,3,3
4,4,4,4,4,4
5,5,5,5,5,5
6,6,6,6,6,6
7,7,7,7,7,7
8,8,8,8,8,8
9,9,9,9,9,9
1,1,1,1,1,1
2,2,2,2,2,2
3,3,3,3,3,3
4,4,4,4,4,4
5,5,5,5,5,5
6,6,6,6,6,6
7,7,7,7,7,7
8,8,8,8,8,8
9,9,9,9,9,9
1,1,1,1,1,1
2,2,2,2,2,2
3,3,3,3,3,3
4,4,4,4,4,4
5,5,5,5,5,5
6,6,6,6,6,6
7,7,7,7,7,7
8,8,8,8,8,8
9,9,9,9,9,9
1,1,1,1,1,1
2,2,2,2,2,2
3,3,3,3,3,3
4,4,4,4,4,4
5,5,5,5,5,5
6,6,6,6,6,6
7,7,7,7,7,7
8,8,8,8,8,8
9,9,9,9,9,9
1,1,1,1,1,1
2,2,2,2,2,2
3,3,3,3,3,3
4,4,4,4,4,4
5,5,5,5,5,5
6,6,6,6,6,6
7,7,7,7,7,7
8,8,8,8,8,8
9,9,9,9,9,9
1,1,1,1,1,1
2,2,2,2,2,2
3,3,3,3,3,3
4,4,4,4,4,4
5,5,5,5,5,5
6,6,6,6,6,6
7,7,7,7,7,7
8,8,8,8,8,8
9,9,9,9,9,9
1,1,1,1,1,1
2,2,2,2,2,2
3,3,3,3,3,3
4,4,4,4,4,4
5,5,5,5,5,5
6,6,6,6,6,6
7,7,7,7,7,7
8,8,8,8,8,8
9,9,9,9,9,9
1,1,1,1,1,1
2,2,2,2,2,2
3,3,3,3,3,3
4,4,4,4,4,4
5,5,5,5,5,5
6,6,6,6,6,6
7,7,7,7,7,7
8,8,8,8,8,8
9,9,9,9,9,9
1,1,1,1,1,1
2,2,2,2,2,2
3,3,3,3,3,3
4,4,4,4,4,4
5,5,5,5,5,5
6,6,6,6,6,6
7,7,7,7,7,7
8,8,8,8,8,8
9,9,9,9,9,9
1,1,1,1,1,1
2,2,2,2,2,2
3,3,3,3,3,3
4,4,4,4,4,4
5,5,5,5,5,5
6,6,6,6,6,6
7,7,7,7,7,7
8,8,8,8,8,8
9,9,9,9,9,9
1,1,1,1,1,1
2,2,2,2,2,2
3,3,3,3,3,3
4,4,4,4,4,4
5,5,5,5,5,5
6,6,6,6,6,6
7,7,7,7,7,7
8,8,8,8,8,8
9,9,9,9,9,9
1,1,1,1,1,1
2,2,2,2,2,2
3,3,3,3,3,3
4,4,4,4,4,4
5,5,5,5,5,5
6,6,6,6,6,6
7,7,7,7,7,7
8,8,8,8,8,8
9,9,9,9,9,9
1,1,1,1,1,1
2,2,2,2,2,2
3,3,3,3,3,3
4,4,4,4,4,4
5,5,5,5,5,5
6,6,6,6,6,6
7,7,7,7,7,7
8,8,8,8,8,8
9,9,9,9,9,9
1,1,1,1,1,1
2,2,2,2,2,2
3,3,3,3,3,3
4,4,4,4,4,4
5,5,5,5,5,5
6,6,6,6,6,6
7,7,7,7,7,7
8,8,8,8,8,8
9,9,9,9,9,9
1,1,1,1,1,1
2,2,2,2,2,2
3,3,3,3,3,3
4,4,4,4,4,4
5,5,5,5,5,5
6,6,6,6,6,6
7,7,7,7,7,7
8,8,8,8,8,8
9,9,9,9,9,9
1,1,1,1,1,1
2,2,2,2,2,2
3,3,3,3,3,3
4,4,4,4,4,4
5,5,5,5,5,5
6,6,6,6,6,6
7,7,7,7,7,7
8,8,8,8,8,8
9,9,9,9,9,9
1,1,1,1,1,1
2,2,2,2,2,2
3,3,3,3,3,3
4,4,4,4,4,4
5,5,5,5,5,5
6,6,6,6,6,6
7,7,7,7,7,7
8,8,8,8,8,8
9,9,9,9,9,9
1,1,1,1,1,1
2,2,2,2,2,2
3,3,3,3,3,3
4,4,4,4,4,4
5,5,5,5,5,5
6,6,6,6,6,6
7,7,7,7,7,7
8,8,8,8,8,8
9,9,9,9,9,9
1,1,1,1,1,1
2,2,2,2,2,2
3,3,3,3,3,3
4,4,4,4,4,4
5,5,5,5,5,5
6,6,6,6,6,6
7,7,7,7,7,7
8,8,8,8,8,8
9,9,9,9,9,9
1,1,1,1,1,1
2,2,2,2,2,2
3,3,3,3,3,3
4,4,4,4,4,4
5,5,5,5,5,5
6,6,6,6,6,6
7,7,7,7,7,7
8,8,8,8,8,8
9,9,9,9,9,9
1,1,1,1,1,1
2,2,2,2,2,2
3,3,3,3,3,3
4,4,4,4,4,4
5,5,5,5,5,5
6,6,6,6,6,6
7,7,7,7,7,7
8,8,8,8,8,8
9,9,9,9,9,9
1,1,1,1,1,1
2,2,2,2,2,2
3,3,3,3,3,3
4,4,4,4,4,4
5,5,5,5,5,5
6,6,6,6,6,6
7,7,7,7,7,7
8,8,8,8,8,8
9,9,9,9,9,9
1,1,1,1,1,1
2,2,2,2,2,2
3,3,3,3,3,3
4,4,4,4,4,4
5,5,5,5,5,5
6,6,6,6,6,6
7,7,7,7,7,7
8,8,8,8,8,8
9,9,9,9,9,9
1,1,1,1,1,1
2,2,2,2,2,2
3,3,3,3,3,3
4,4,4,4,4,4
5,5,5,5,5,5
6,6,6,6,6,6
7,7,7,7,7,7
8,8,8,8,8,8
9,9,9,9,9,9
1,1,1,1,1,1
2,2,2,2,2,2
3,3,3,3,3,3
4,4,4,4,4,4
5,5,5,5,5,5
6,6,6,6,6,6
7,7,7,7,7,7
8,8,8,8,8,8
9,9,9,9,9,9
